AssessmentInfo,Total,Subject
http://www.modiag.it#CDR_Sob_0,http://www.modiag.it#0.0,http://www.modiag.it#256
http://www.modiag.it#CDR_Sob_1,http://www.modiag.it#0.0,http://www.modiag.it#256
http://www.modiag.it#CDR_Sob_2,http://www.modiag.it#0.0,http://www.modiag.it#271
http://www.modiag.it#CDR_Sob_3,http://www.modiag.it#0.0,http://www.modiag.it#271
http://www.modiag.it#CDR_Sob_4,http://www.modiag.it#1.0,http://www.modiag.it#273
http://www.modiag.it#CDR_Sob_5,http://www.modiag.it#1.0,http://www.modiag.it#273
http://www.modiag.it#CDR_Sob_6,http://www.modiag.it#0.0,http://www.modiag.it#349
http://www.modiag.it#CDR_Sob_7,http://www.modiag.it#1.5,http://www.modiag.it#349
http://www.modiag.it#CDR_Sob_8,http://www.modiag.it#0.0,http://www.modiag.it#350
http://www.modiag.it#CDR_Sob_9,http://www.modiag.it#1.0,http://www.modiag.it#351
http://www.modiag.it#CDR_Sob_10,http://www.modiag.it#0.0,http://www.modiag.it#351
http://www.modiag.it#CDR_Sob_11,http://www.modiag.it#0.0,http://www.modiag.it#352
http://www.modiag.it#CDR_Sob_12,http://www.modiag.it#0.0,http://www.modiag.it#352
http://www.modiag.it#CDR_Sob_13,http://www.modiag.it#1.0,http://www.modiag.it#353
http://www.modiag.it#CDR_Sob_14,http://www.modiag.it#0.5,http://www.modiag.it#353
http://www.modiag.it#CDR_Sob_15,http://www.modiag.it#-1.0,http://www.modiag.it#353
http://www.modiag.it#CDR_Sob_16,http://www.modiag.it#0.5,http://www.modiag.it#354
http://www.modiag.it#CDR_Sob_17,http://www.modiag.it#0.0,http://www.modiag.it#354
http://www.modiag.it#CDR_Sob_18,http://www.modiag.it#0.0,http://www.modiag.it#385
http://www.modiag.it#CDR_Sob_19,http://www.modiag.it#1.0,http://www.modiag.it#385
http://www.modiag.it#CDR_Sob_20,http://www.modiag.it#-1.0,http://www.modiag.it#385
http://www.modiag.it#FAQ_Total_0,http://www.modiag.it#0,http://www.modiag.it#2
http://www.modiag.it#FAQ_Total_1,http://www.modiag.it#0,http://www.modiag.it#5
http://www.modiag.it#FAQ_Total_2,http://www.modiag.it#10,http://www.modiag.it#3
http://www.modiag.it#FAQ_Total_3,http://www.modiag.it#0,http://www.modiag.it#8
http://www.modiag.it#FAQ_Total_4,http://www.modiag.it#17,http://www.modiag.it#7
http://www.modiag.it#FAQ_Total_5,http://www.modiag.it#0,http://www.modiag.it#16
http://www.modiag.it#FAQ_Total_6,http://www.modiag.it#0,http://www.modiag.it#15
http://www.modiag.it#FAQ_Total_7,http://www.modiag.it#6,http://www.modiag.it#30
http://www.modiag.it#FAQ_Total_8,http://www.modiag.it#0,http://www.modiag.it#22
http://www.modiag.it#FAQ_Total_9,http://www.modiag.it#0,http://www.modiag.it#31
http://www.modiag.it#FAQ_Total_10,http://www.modiag.it#0,http://www.modiag.it#21
http://www.modiag.it#FAQ_Total_11,http://www.modiag.it#10,http://www.modiag.it#29
