<beans xmlns="http://www.springframework.org/schema/beans"
	xmlns:xsi="http://www.w3.org/2001/XMLSchema-instance"
	xsi:schemaLocation="http://www.springframework.org/schema/beans 
	http://www.springframework.org/schema/beans/spring-beans-2.5.xsd">

    <bean name="/welcome.action" 
		class="jena.adni.controller.HelloWorldController" >
		
		
	</bean>
		
    <bean id="viewResolver"
    	class="org.springframework.web.servlet.view.InternalResourceViewResolver" >
        <property name="prefix">
            <value>/</value>
        </property>
        <property name="suffix">
            <value>.action</value>
        </property>
    </bean>

</beans>