TotalScore,Query dei total score,query_1562945027117.txt
totalScore2,Totel score query,query_12072019054805.txt
,,query_12072019175047.txt
,,query_12072019175119.txt
,,query_12072019175333.txt
test,test,query_12072019175643.txt
,,query_12072019175703.txt
dddd,ddddd,query_12072019175945.txt
,,query_12072019180000.txt
www,wwww,query_12072019180131.txt
,,query_12072019180137.txt
ddddddddd,ddddddddd,query_12072019180417.txt
,,query_12072019180421.txt
lllllll,nnnnnnnn,query_12072019232844.txt
,,query_12072019232854.txt
nnnn,llllll,query_12072019233324.txt
nnnn,llllll,query_12072019233324.txt
nnnn,llllll,query_12072019233332.txt
nnnn,llllll,query_12072019233332.txt
nnnn,llllll,query_12072019233332.txt
nnnn,lllllljjjjjjjjjj,query_12072019233347.txt
nnnn,lllllljjjjjjjjjj,query_12072019233347.txt
nnnn,lllllljjjjjjjjjj,query_12072019233347.txt
nnnn,lllllljjjjjjjjjj,query_12072019233347.txt
nnnn,lllllljjjjjjjjjj1,query_12072019233413.txt
nnnn,lllllljjjjjjjjjj1,query_12072019233413.txt
nnnn,lllllljjjjjjjjjj1,query_12072019233413.txt
nnnn,lllllljjjjjjjjjj1,query_12072019233413.txt
nnnn,lllllljjjjjjjjjj1,query_12072019233413.txt
sssssss,sssssssssss,query_12072019233610.txt
2,2,query_12072019233626.txt
3,3,query_12072019233644.txt
3,3,query_12072019233651.txt
4,4,query_12072019233713.txt
,,query_13072019000011.txt
